{"level":0,"playerPosX":-34.0976676940918,"playerPosY":5.569637298583984,"playerPosZ":69.0,"playerRotX":359.55181884765627,"playerRotY":170.7930145263672,"playerRotZ":356.66357421875,"playerTime":17.082178115844728,"completedTime":99999997952.0,"IsNormalComplete":false,"IsHardComplete":false}